Edad_promedio,Semestre_promedio,Horas_estudio_promedio,Veces_estudio_promedio,Horas_redes_sociales_promedio,Asistencia_promedio,CGPA_promedio,Creditos_completados_promedio,Ingreso_familiar_promedio
21.354586129753915,6.442953020134228,3.2293064876957494,2.1230425055928412,3.7472035794183447,87.38926174496645,3.5592258440046565,78.53242320819113,66719.93087557604
